filename,score,lat,lon,match_index,active_match_index,mixvpr_score,lightweight_score,filter_method,references_before_filtering,references_after_filtering,frame,best_match,confidence,search_start,search_stop,search_candidates,top_candidates
streetview_0005.jpg,25.402337312698364,50.10213480232558,14.392723511627908,5,1,21.58343195915222,62.5,rosa_v1,44,11,frame_00000.jpg,streetview_0005.jpg,low,0,4,5,"[""streetview_0005.jpg"", ""streetview_0017.jpg"", ""streetview_0029.jpg"", ""streetview_0033.jpg"", ""streetview_0009.jpg""]"
streetview_0005.jpg,29.333853721618652,50.10213480232558,14.392723511627908,5,1,25.721871852874756,60.00000238418579,rosa_v1,44,11,frame_00001.jpg,streetview_0005.jpg,low,1,2,2,"[""streetview_0005.jpg"", ""streetview_0029.jpg"", ""streetview_0017.jpg"", ""streetview_0025.jpg"", ""streetview_0033.jpg""]"
streetview_0005.jpg,25.651580095291138,50.10213480232558,14.392723511627908,5,1,21.84579223394394,60.00000238418579,rosa_v1,44,11,frame_00002.jpg,streetview_0005.jpg,low,1,2,2,"[""streetview_0005.jpg"", ""streetview_0017.jpg"", ""streetview_0029.jpg"", ""streetview_0009.jpg"", ""streetview_0025.jpg""]"
streetview_0005.jpg,27.545273303985596,50.10213480232558,14.392723511627908,5,1,23.839153349399567,70.00000476837158,rosa_v1,44,11,frame_00003.jpg,streetview_0005.jpg,low,1,2,2,"[""streetview_0005.jpg"", ""streetview_0029.jpg"", ""streetview_0017.jpg"", ""streetview_0009.jpg"", ""streetview_0021.jpg""]"
streetview_0005.jpg,20.698867738246918,50.10213480232558,14.392723511627908,5,1,16.632410883903503,52.49999761581421,rosa_v1,44,11,frame_00004.jpg,streetview_0005.jpg,low,1,2,2,"[""streetview_0009.jpg"", ""streetview_0005.jpg"", ""streetview_0029.jpg"", ""streetview_0033.jpg"", ""streetview_0021.jpg""]"
streetview_0009.jpg,28.037163615226746,50.10225304418605,14.392509120930233,9,2,24.354568123817444,62.5,rosa_v1,44,11,frame_00005.jpg,streetview_0009.jpg,low,1,2,2,"[""streetview_0009.jpg"", ""streetview_0033.jpg"", ""streetview_0021.jpg"", ""streetview_0029.jpg"", ""streetview_0013.jpg""]"
streetview_0009.jpg,30.782896280288696,50.10225304418605,14.392509120930233,9,2,27.24481225013733,85.00000238418579,rosa_v1,44,11,frame_00006.jpg,streetview_0009.jpg,low,2,3,2,"[""streetview_0009.jpg"", ""streetview_0033.jpg"", ""streetview_0021.jpg"", ""streetview_0029.jpg"", ""streetview_0001.jpg""]"
streetview_0009.jpg,29.585424065589905,50.10225304418605,14.392509120930233,9,2,25.98431408405304,79.99999523162842,rosa_v1,44,11,frame_00007.jpg,streetview_0009.jpg,low,2,3,2,"[""streetview_0009.jpg"", ""streetview_0033.jpg"", ""streetview_0021.jpg"", ""streetview_0029.jpg"", ""streetview_0001.jpg""]"
streetview_0009.jpg,30.023065209388733,50.10225304418605,14.392509120930233,9,2,26.444989442825317,79.99999523162842,rosa_v1,44,11,frame_00008.jpg,streetview_0009.jpg,low,2,3,2,"[""streetview_0009.jpg"", ""streetview_0033.jpg"", ""streetview_0021.jpg"", ""streetview_0017.jpg"", ""streetview_0029.jpg""]"
streetview_0009.jpg,30.018511414527893,50.10225304418605,14.392509120930233,9,2,26.440197229385376,79.99999523162842,rosa_v1,44,11,frame_00009.jpg,streetview_0009.jpg,low,2,3,2,"[""streetview_0009.jpg"", ""streetview_0033.jpg"", ""streetview_0021.jpg"", ""streetview_0013.jpg"", ""streetview_0001.jpg""]"
streetview_0009.jpg,27.95949876308441,50.10225304418605,14.392509120930233,9,2,24.272814393043518,79.99999523162842,rosa_v1,44,11,frame_00010.jpg,streetview_0009.jpg,low,2,3,2,"[""streetview_0009.jpg"", ""streetview_0033.jpg"", ""streetview_0021.jpg"", ""streetview_0001.jpg"", ""streetview_0013.jpg""]"
streetview_0009.jpg,25.708454847335815,50.10225304418605,14.392509120930233,9,2,21.903294324874878,79.99999523162842,rosa_v1,44,11,frame_00011.jpg,streetview_0009.jpg,low,2,3,2,"[""streetview_0009.jpg"", ""streetview_0013.jpg"", ""streetview_0001.jpg"", ""streetview_0033.jpg"", ""streetview_0021.jpg""]"
streetview_0013.jpg,26.330211758613586,50.10237128604651,14.392294730232559,13,3,22.563287615776062,42.500001192092896,rosa_v1,44,11,frame_00012.jpg,streetview_0013.jpg,low,2,3,2,"[""streetview_0013.jpg"", ""streetview_0025.jpg"", ""streetview_0001.jpg"", ""streetview_0037.jpg"", ""streetview_0021.jpg""]"
streetview_0013.jpg,28.328794240951538,50.10237128604651,14.392294730232559,13,3,24.667057394981384,22.50000089406967,rosa_v1,44,11,frame_00013.jpg,streetview_0013.jpg,low,3,4,2,"[""streetview_0013.jpg"", ""streetview_0025.jpg"", ""streetview_0037.jpg"", ""streetview_0001.jpg"", ""streetview_0017.jpg""]"
streetview_0013.jpg,31.62180483341217,50.10237128604651,14.392294730232559,13,3,28.133386373519897,57.499998807907104,rosa_v1,44,11,frame_00014.jpg,streetview_0013.jpg,low,3,4,2,"[""streetview_0013.jpg"", ""streetview_0025.jpg"", ""streetview_0037.jpg"", ""streetview_0017.jpg"", ""streetview_0029.jpg""]"
streetview_0013.jpg,33.07974338531494,50.10237128604651,14.392294730232559,13,3,29.668059945106506,42.500001192092896,rosa_v1,44,11,frame_00015.jpg,streetview_0013.jpg,low,3,4,2,"[""streetview_0013.jpg"", ""streetview_0025.jpg"", ""streetview_0037.jpg"", ""streetview_0017.jpg"", ""streetview_0021.jpg""]"
streetview_0013.jpg,26.94011926651001,50.10237128604651,14.392294730232559,13,3,23.205295205116272,42.500001192092896,rosa_v1,44,11,frame_00016.jpg,streetview_0013.jpg,low,3,4,2,"[""streetview_0013.jpg"", ""streetview_0017.jpg"", ""streetview_0037.jpg"", ""streetview_0025.jpg"", ""streetview_0021.jpg""]"
streetview_0017.jpg,26.754379272460938,50.102489527906975,14.392080339534884,17,4,23.002685606479645,55.000001192092896,rosa_v1,44,11,frame_00017.jpg,streetview_0017.jpg,low,3,4,2,"[""streetview_0017.jpg"", ""streetview_0013.jpg"", ""streetview_0037.jpg"", ""streetview_0025.jpg"", ""streetview_0029.jpg""]"
streetview_0017.jpg,28.51213812828064,50.102489527906975,14.392080339534884,17,4,24.85295832157135,57.50000476837158,rosa_v1,44,11,frame_00018.jpg,streetview_0017.jpg,low,4,5,2,"[""streetview_0017.jpg"", ""streetview_0005.jpg"", ""streetview_0029.jpg"", ""streetview_0033.jpg"", ""streetview_0021.jpg""]"
streetview_0017.jpg,23.57853353023529,50.102489527906975,14.392080339534884,17,4,19.65969204902649,72.50000238418579,rosa_v1,44,11,frame_00019.jpg,streetview_0017.jpg,low,4,5,2,"[""streetview_0017.jpg"", ""streetview_0005.jpg"", ""streetview_0033.jpg"", ""streetview_0025.jpg"", ""streetview_0029.jpg""]"
streetview_0017.jpg,23.926827311515808,50.102489527906975,14.392080339534884,17,4,20.026317238807678,64.99999761581421,rosa_v1,44,11,frame_00020.jpg,streetview_0017.jpg,low,4,5,2,"[""streetview_0017.jpg"", ""streetview_0021.jpg"", ""streetview_0033.jpg"", ""streetview_0005.jpg"", ""streetview_0029.jpg""]"
streetview_0017.jpg,29.763811826705933,50.102489527906975,14.392080339534884,17,4,26.170510053634644,57.50000476837158,rosa_v1,44,11,frame_00021.jpg,streetview_0017.jpg,low,4,5,2,"[""streetview_0017.jpg"", ""streetview_0033.jpg"", ""streetview_0021.jpg"", ""streetview_0005.jpg"", ""streetview_0009.jpg""]"
streetview_0017.jpg,27.141690254211426,50.102489527906975,14.392080339534884,17,4,23.410382866859436,44.999998807907104,rosa_v1,44,11,frame_00022.jpg,streetview_0017.jpg,low,4,5,2,"[""streetview_0017.jpg"", ""streetview_0033.jpg"", ""streetview_0021.jpg"", ""streetview_0009.jpg"", ""streetview_0029.jpg""]"
streetview_0021.jpg,28.517946600914,50.10260776976744,14.391865948837209,21,5,24.863022565841675,92.49999523162842,rosa_v1,44,11,frame_00023.jpg,streetview_0021.jpg,low,4,5,2,"[""streetview_0021.jpg"", ""streetview_0033.jpg"", ""streetview_0009.jpg"", ""streetview_0017.jpg"", ""streetview_0029.jpg""]"
streetview_0021.jpg,29.57800328731537,50.10260776976744,14.391865948837209,21,5,25.978869199752808,92.49999523162842,rosa_v1,44,11,frame_00024.jpg,streetview_0021.jpg,low,5,6,2,"[""streetview_0033.jpg"", ""streetview_0021.jpg"", ""streetview_0009.jpg"", ""streetview_0017.jpg"", ""streetview_0029.jpg""]"
streetview_0021.jpg,29.049333930015564,50.10260776976744,14.391865948837209,21,5,25.42237639427185,100.0,rosa_v1,44,11,frame_00025.jpg,streetview_0021.jpg,low,5,6,2,"[""streetview_0021.jpg"", ""streetview_0033.jpg"", ""streetview_0009.jpg"", ""streetview_0001.jpg"", ""streetview_0017.jpg""]"
streetview_0021.jpg,32.18173384666443,50.10260776976744,14.391865948837209,21,5,28.719639778137207,100.0,rosa_v1,44,11,frame_00026.jpg,streetview_0021.jpg,low,5,6,2,"[""streetview_0021.jpg"", ""streetview_0033.jpg"", ""streetview_0009.jpg"", ""streetview_0029.jpg"", ""streetview_0017.jpg""]"
streetview_0021.jpg,28.420516848564148,50.10260776976744,14.391865948837209,21,5,24.76046532392502,92.49999523162842,rosa_v1,44,11,frame_00027.jpg,streetview_0021.jpg,low,5,6,2,"[""streetview_0021.jpg"", ""streetview_0033.jpg"", ""streetview_0009.jpg"", ""streetview_0001.jpg"", ""streetview_0025.jpg""]"
streetview_0021.jpg,26.246628165245056,50.10260776976744,14.391865948837209,21,5,22.472159564495087,92.49999523162842,rosa_v1,44,11,frame_00028.jpg,streetview_0021.jpg,low,5,6,2,"[""streetview_0021.jpg"", ""streetview_0033.jpg"", ""streetview_0025.jpg"", ""streetview_0017.jpg"", ""streetview_0009.jpg""]"
streetview_0021.jpg,24.824000895023346,50.10260776976744,14.391865948837209,21,5,20.97465693950653,100.0,rosa_v1,44,11,frame_00029.jpg,streetview_0021.jpg,low,5,6,2,"[""streetview_0021.jpg"", ""streetview_0033.jpg"", ""streetview_0025.jpg"", ""streetview_0017.jpg"", ""streetview_0009.jpg""]"
streetview_0025.jpg,26.35256052017212,50.10272601162791,14.391651558139534,25,6,22.586026787757874,32.499998807907104,rosa_v1,44,11,frame_00030.jpg,streetview_0025.jpg,low,5,6,2,"[""streetview_0025.jpg"", ""streetview_0021.jpg"", ""streetview_0033.jpg"", ""streetview_0001.jpg"", ""streetview_0017.jpg""]"
streetview_0025.jpg,26.724284887313843,50.10272601162791,14.391651558139534,25,6,22.97731637954712,60.00000238418579,rosa_v1,44,11,frame_00031.jpg,streetview_0025.jpg,low,6,7,2,"[""streetview_0025.jpg"", ""streetview_0017.jpg"", ""streetview_0021.jpg"", ""streetview_0001.jpg"", ""streetview_0029.jpg""]"
streetview_0025.jpg,32.41762816905975,50.10272601162791,14.391651558139534,25,6,28.97031009197235,47.49999940395355,rosa_v1,44,11,frame_00032.jpg,streetview_0025.jpg,low,6,7,2,"[""streetview_0025.jpg"", ""streetview_0017.jpg"", ""streetview_0037.jpg"", ""streetview_0029.jpg"", ""streetview_0005.jpg""]"
streetview_0025.jpg,30.605274438858032,50.10272601162791,14.391651558139534,25,6,27.062571048736572,32.50000178813934,rosa_v1,44,11,frame_00033.jpg,streetview_0025.jpg,low,6,7,2,"[""streetview_0025.jpg"", ""streetview_0017.jpg"", ""streetview_0037.jpg"", ""streetview_0029.jpg"", ""streetview_0005.jpg""]"
streetview_0025.jpg,24.883295595645905,50.10272601162791,14.391651558139534,25,6,21.039432287216187,20.000000298023224,rosa_v1,44,11,frame_00034.jpg,streetview_0025.jpg,low,6,7,2,"[""streetview_0025.jpg"", ""streetview_0037.jpg"", ""streetview_0017.jpg"", ""streetview_0021.jpg"", ""streetview_0029.jpg""]"
streetview_0029.jpg,24.9265119433403,50.10284425348837,14.391437167441861,29,7,21.07940763235092,94.9999988079071,rosa_v1,44,11,frame_00035.jpg,streetview_0029.jpg,low,6,7,2,"[""streetview_0021.jpg"", ""streetview_0029.jpg"", ""streetview_0017.jpg"", ""streetview_0033.jpg"", ""streetview_0009.jpg""]"
streetview_0033.jpg,29.520949721336365,50.102962495348834,14.391222776744186,33,8,25.912490487098694,44.999998807907104,rosa_v1,44,11,frame_00036.jpg,streetview_0033.jpg,low,7,8,2,"[""streetview_0029.jpg"", ""streetview_0033.jpg"", ""streetview_0017.jpg"", ""streetview_0021.jpg"", ""streetview_0005.jpg""]"
streetview_0033.jpg,26.602965593338013,50.102962495348834,14.391222776744186,33,8,22.84092903137207,32.50000178813934,rosa_v1,44,11,frame_00037.jpg,streetview_0033.jpg,low,8,9,2,"[""streetview_0029.jpg"", ""streetview_0017.jpg"", ""streetview_0005.jpg"", ""streetview_0033.jpg"", ""streetview_0025.jpg""]"
streetview_0033.jpg,24.511699378490448,50.102962495348834,14.391222776744186,33,8,20.63959538936615,42.500001192092896,rosa_v1,44,11,frame_00038.jpg,streetview_0033.jpg,low,8,9,2,"[""streetview_0029.jpg"", ""streetview_0005.jpg"", ""streetview_0017.jpg"", ""streetview_0033.jpg"", ""streetview_0009.jpg""]"
streetview_0033.jpg,24.587784707546234,50.102962495348834,14.391222776744186,33,8,20.719684660434723,52.50000357627869,rosa_v1,44,11,frame_00039.jpg,streetview_0033.jpg,low,8,9,2,"[""streetview_0029.jpg"", ""streetview_0005.jpg"", ""streetview_0017.jpg"", ""streetview_0033.jpg"", ""streetview_0009.jpg""]"
streetview_0033.jpg,26.266971230506897,50.102962495348834,14.391222776744186,33,8,22.487249970436096,59.99999642372131,rosa_v1,44,11,frame_00040.jpg,streetview_0033.jpg,low,8,9,2,"[""streetview_0005.jpg"", ""streetview_0029.jpg"", ""streetview_0033.jpg"", ""streetview_0017.jpg"", ""streetview_0009.jpg""]"
streetview_0033.jpg,23.459933698177338,50.102962495348834,14.391222776744186,33,8,19.532473385334015,67.5000011920929,rosa_v1,44,11,frame_00041.jpg,streetview_0033.jpg,low,8,9,2,"[""streetview_0033.jpg"", ""streetview_0005.jpg"", ""streetview_0009.jpg"", ""streetview_0021.jpg"", ""streetview_0017.jpg""]"
streetview_0033.jpg,31.864923238754272,50.102962495348834,14.391222776744186,33,8,28.379833698272705,57.499998807907104,rosa_v1,44,11,frame_00042.jpg,streetview_0033.jpg,low,8,9,2,"[""streetview_0033.jpg"", ""streetview_0009.jpg"", ""streetview_0021.jpg"", ""streetview_0001.jpg"", ""streetview_0005.jpg""]"
streetview_0033.jpg,29.88761067390442,50.102962495348834,14.391222776744186,33,8,26.29845142364502,65.00000357627869,rosa_v1,44,11,frame_00043.jpg,streetview_0033.jpg,low,8,9,2,"[""streetview_0033.jpg"", ""streetview_0009.jpg"", ""streetview_0001.jpg"", ""streetview_0021.jpg"", ""streetview_0017.jpg""]"
streetview_0033.jpg,34.00840759277344,50.102962495348834,14.391222776744186,33,8,30.636131763458252,77.49999761581421,rosa_v1,44,11,frame_00044.jpg,streetview_0033.jpg,low,8,9,2,"[""streetview_0033.jpg"", ""streetview_0009.jpg"", ""streetview_0021.jpg"", ""streetview_0001.jpg"", ""streetview_0025.jpg""]"
streetview_0033.jpg,33.6259126663208,50.102962495348834,14.391222776744186,33,8,30.23350238800049,62.5,rosa_v1,44,11,frame_00045.jpg,streetview_0033.jpg,low,8,9,2,"[""streetview_0033.jpg"", ""streetview_0009.jpg"", ""streetview_0021.jpg"", ""streetview_0001.jpg"", ""streetview_0017.jpg""]"
streetview_0033.jpg,24.045710265636444,50.102962495348834,14.391222776744186,33,8,20.149080455303192,77.49999761581421,rosa_v1,44,11,frame_00046.jpg,streetview_0033.jpg,low,8,9,2,"[""streetview_0009.jpg"", ""streetview_0033.jpg"", ""streetview_0001.jpg"", ""streetview_0013.jpg"", ""streetview_0021.jpg""]"
streetview_0033.jpg,22.89523333311081,50.102962495348834,14.391222776744186,33,8,18.938052654266357,67.5000011920929,rosa_v1,44,11,frame_00047.jpg,streetview_0033.jpg,low,8,9,2,"[""streetview_0037.jpg"", ""streetview_0033.jpg"", ""streetview_0009.jpg"", ""streetview_0013.jpg"", ""streetview_0001.jpg""]"
streetview_0037.jpg,28.742218017578125,50.103080737209304,14.391008386046511,37,9,25.078389048576355,62.5,rosa_v1,44,11,frame_00048.jpg,streetview_0037.jpg,low,8,9,2,"[""streetview_0037.jpg"", ""streetview_0001.jpg"", ""streetview_0009.jpg"", ""streetview_0013.jpg"", ""streetview_0033.jpg""]"
streetview_0037.jpg,33.411332964897156,50.103080737209304,14.391008386046511,37,9,29.993247985839844,44.999998807907104,rosa_v1,44,11,frame_00049.jpg,streetview_0037.jpg,low,9,10,2,"[""streetview_0037.jpg"", ""streetview_0013.jpg"", ""streetview_0025.jpg"", ""streetview_0017.jpg"", ""streetview_0001.jpg""]"
streetview_0037.jpg,37.954726815223694,50.103080737209304,14.391008386046511,37,9,34.77576971054077,87.49999403953552,rosa_v1,44,11,frame_00050.jpg,streetview_0037.jpg,accepted,9,10,2,"[""streetview_0037.jpg"", ""streetview_0013.jpg"", ""streetview_0025.jpg"", ""streetview_0041.jpg"", ""streetview_0017.jpg""]"
streetview_0037.jpg,38.553452491760254,50.103080737209304,14.391008386046511,37,9,35.40600538253784,50.0,rosa_v1,44,11,frame_00051.jpg,streetview_0037.jpg,accepted,9,10,2,"[""streetview_0037.jpg"", ""streetview_0013.jpg"", ""streetview_0041.jpg"", ""streetview_0025.jpg"", ""streetview_0017.jpg""]"
streetview_0037.jpg,36.72894239425659,50.103080737209304,14.391008386046511,37,9,33.48546922206879,50.0,rosa_v1,44,11,frame_00052.jpg,streetview_0037.jpg,accepted,9,10,2,"[""streetview_0037.jpg"", ""streetview_0013.jpg"", ""streetview_0041.jpg"", ""streetview_0025.jpg"", ""streetview_0017.jpg""]"
streetview_0037.jpg,27.61073112487793,50.103080737209304,14.391008386046511,37,9,23.887352645397186,65.00000357627869,rosa_v1,44,11,frame_00053.jpg,streetview_0037.jpg,low,9,10,2,"[""streetview_0041.jpg"", ""streetview_0037.jpg"", ""streetview_0013.jpg"", ""streetview_0017.jpg"", ""streetview_0025.jpg""]"
streetview_0041.jpg,30.85644543170929,50.10319897906977,14.390793995348837,41,10,27.282732725143433,100.0,rosa_v1,44,11,frame_00054.jpg,streetview_0041.jpg,low,9,10,2,"[""streetview_0041.jpg"", ""streetview_0037.jpg"", ""streetview_0017.jpg"", ""streetview_0013.jpg"", ""streetview_0005.jpg""]"
streetview_0041.jpg,30.758994817733765,50.10319897906977,14.390793995348837,41,10,27.180153131484985,100.0,rosa_v1,44,11,frame_00055.jpg,streetview_0041.jpg,low,10,10,1,"[""streetview_0041.jpg"", ""streetview_0017.jpg"", ""streetview_0037.jpg"", ""streetview_0013.jpg"", ""streetview_0001.jpg""]"
streetview_0041.jpg,32.285988330841064,50.10319897906977,14.390793995348837,41,10,28.787517547607422,100.0,rosa_v1,44,11,frame_00056.jpg,streetview_0041.jpg,low,10,10,1,"[""streetview_0041.jpg"", ""streetview_0013.jpg"", ""streetview_0037.jpg"", ""streetview_0001.jpg"", ""streetview_0033.jpg""]"
streetview_0041.jpg,40.37237465381622,50.10319897906977,14.390793995348837,41,10,37.29950189590454,82.4999988079071,rosa_v1,44,11,frame_00057.jpg,streetview_0041.jpg,accepted,10,10,1,"[""streetview_0041.jpg"", ""streetview_0029.jpg"", ""streetview_0037.jpg"", ""streetview_0013.jpg"", ""streetview_0005.jpg""]"
streetview_0041.jpg,39.04520571231842,50.10319897906977,14.390793995348837,41,10,35.90248227119446,77.49999761581421,rosa_v1,44,11,frame_00058.jpg,streetview_0041.jpg,accepted,10,10,1,"[""streetview_0041.jpg"", ""streetview_0017.jpg"", ""streetview_0029.jpg"", ""streetview_0013.jpg"", ""streetview_0001.jpg""]"
