index,target_lat,target_lon,pano_id,pano_lat,pano_lon,distance_to_pano_m,heading,image_file,filename,historical_date,candidate_rank,source_current_pano_id
0,50.10203546464578,14.39289450645447,KF_9v-wrbuacv24KU9DGzw,50.10206917216939,14.39286505275209,4.297,124,/Users/enzocampofranco/Library/Mobile Documents/com~apple~CloudDocs/TPS/Stage/Python/Robot_Visual_Navigation_V3/data/streetview_historical/mixvpr_dataset_by_date/2014-05/source_0000_rank_0_2014-05_heading_124_KF_9v-wrbuacv24KU9DGzw.jpg,source_0000_rank_0_2014-05_heading_124_KF_9v-wrbuacv24KU9DGzw.jpg,2014-05,0,gfOcM-I8lkmY3UAn-L6PRw
1,50.10201656046512,14.392937902325583,RRKMbhrTt00cLOEhVmK47g,50.10203129764556,14.39303056412051,6.809,311,/Users/enzocampofranco/Library/Mobile Documents/com~apple~CloudDocs/TPS/Stage/Python/Robot_Visual_Navigation_V3/data/streetview_historical/mixvpr_dataset_by_date/2014-05/source_0001_rank_1_2014-05_heading_311_RRKMbhrTt00cLOEhVmK47g.jpg,source_0001_rank_1_2014-05_heading_311_RRKMbhrTt00cLOEhVmK47g.jpg,2014-05,1,nn5LMAkfJRkQv31SF9uTYA
2,50.10204612093023,14.392884304651163,KF_9v-wrbuacv24KU9DGzw,50.10206917216939,14.39286505275209,2.908,311,/Users/enzocampofranco/Library/Mobile Documents/com~apple~CloudDocs/TPS/Stage/Python/Robot_Visual_Navigation_V3/data/streetview_historical/mixvpr_dataset_by_date/2014-05/source_0002_rank_0_2014-05_heading_311_KF_9v-wrbuacv24KU9DGzw.jpg,source_0002_rank_0_2014-05_heading_311_KF_9v-wrbuacv24KU9DGzw.jpg,2014-05,0,gfOcM-I8lkmY3UAn-L6PRw
3,50.10207568139535,14.392830706976746,KF_9v-wrbuacv24KU9DGzw,50.10206917216939,14.39286505275209,2.554,311,/Users/enzocampofranco/Library/Mobile Documents/com~apple~CloudDocs/TPS/Stage/Python/Robot_Visual_Navigation_V3/data/streetview_historical/mixvpr_dataset_by_date/2014-05/source_0003_rank_1_2014-05_heading_311_KF_9v-wrbuacv24KU9DGzw.jpg,source_0003_rank_1_2014-05_heading_311_KF_9v-wrbuacv24KU9DGzw.jpg,2014-05,1,gfOcM-I8lkmY3UAn-L6PRw
4,50.102105241860464,14.392777109302326,9RpWi8LBgwzH7vVYlE2BZw,50.1021431496879,14.39273381672737,5.225,311,/Users/enzocampofranco/Library/Mobile Documents/com~apple~CloudDocs/TPS/Stage/Python/Robot_Visual_Navigation_V3/data/streetview_historical/mixvpr_dataset_by_date/2014-05/source_0004_rank_1_2014-05_heading_311_9RpWi8LBgwzH7vVYlE2BZw.jpg,source_0004_rank_1_2014-05_heading_311_9RpWi8LBgwzH7vVYlE2BZw.jpg,2014-05,1,rNuw8QdI95icPCHgmmixKA
5,50.10213480232558,14.392723511627908,9RpWi8LBgwzH7vVYlE2BZw,50.1021431496879,14.39273381672737,1.184,311,/Users/enzocampofranco/Library/Mobile Documents/com~apple~CloudDocs/TPS/Stage/Python/Robot_Visual_Navigation_V3/data/streetview_historical/mixvpr_dataset_by_date/2014-05/source_0005_rank_0_2014-05_heading_311_9RpWi8LBgwzH7vVYlE2BZw.jpg,source_0005_rank_0_2014-05_heading_311_9RpWi8LBgwzH7vVYlE2BZw.jpg,2014-05,0,rNuw8QdI95icPCHgmmixKA
6,50.102164362790695,14.392669913953489,-JJ2Iwoc9N-sZ3uWzfmDfg,50.10220569978298,14.39261128543023,6.214,311,/Users/enzocampofranco/Library/Mobile Documents/com~apple~CloudDocs/TPS/Stage/Python/Robot_Visual_Navigation_V3/data/streetview_historical/mixvpr_dataset_by_date/2014-05/source_0006_rank_1_2014-05_heading_311_-JJ2Iwoc9N-sZ3uWzfmDfg.jpg,source_0006_rank_1_2014-05_heading_311_-JJ2Iwoc9N-sZ3uWzfmDfg.jpg,2014-05,1,IY9XNXHNYPd1Bp5YgMs-Tw
7,50.10219392325581,14.39261631627907,-JJ2Iwoc9N-sZ3uWzfmDfg,50.10220569978298,14.39261128543023,1.358,311,/Users/enzocampofranco/Library/Mobile Documents/com~apple~CloudDocs/TPS/Stage/Python/Robot_Visual_Navigation_V3/data/streetview_historical/mixvpr_dataset_by_date/2014-05/source_0007_rank_1_2014-05_heading_311_-JJ2Iwoc9N-sZ3uWzfmDfg.jpg,source_0007_rank_1_2014-05_heading_311_-JJ2Iwoc9N-sZ3uWzfmDfg.jpg,2014-05,1,IY9XNXHNYPd1Bp5YgMs-Tw
8,50.102223483720934,14.392562718604651,tTKFeKSJr5CCWwCBWMuvpA,50.1022557698039,14.39251403704839,4.994,311,/Users/enzocampofranco/Library/Mobile Documents/com~apple~CloudDocs/TPS/Stage/Python/Robot_Visual_Navigation_V3/data/streetview_historical/mixvpr_dataset_by_date/2014-05/source_0008_rank_0_2014-05_heading_311_tTKFeKSJr5CCWwCBWMuvpA.jpg,source_0008_rank_0_2014-05_heading_311_tTKFeKSJr5CCWwCBWMuvpA.jpg,2014-05,0,atSg5Enm2blTtS403AZnMw
9,50.10225304418605,14.392509120930233,tTKFeKSJr5CCWwCBWMuvpA,50.1022557698039,14.39251403704839,0.463,311,/Users/enzocampofranco/Library/Mobile Documents/com~apple~CloudDocs/TPS/Stage/Python/Robot_Visual_Navigation_V3/data/streetview_historical/mixvpr_dataset_by_date/2014-05/source_0009_rank_0_2014-05_heading_311_tTKFeKSJr5CCWwCBWMuvpA.jpg,source_0009_rank_0_2014-05_heading_311_tTKFeKSJr5CCWwCBWMuvpA.jpg,2014-05,0,atSg5Enm2blTtS403AZnMw
10,50.102282604651165,14.392455523255814,FXMA_sHF9T8lfjypGDAAmg,50.10232378117554,14.3923939055276,6.346,311,/Users/enzocampofranco/Library/Mobile Documents/com~apple~CloudDocs/TPS/Stage/Python/Robot_Visual_Navigation_V3/data/streetview_historical/mixvpr_dataset_by_date/2014-05/source_0010_rank_0_2014-05_heading_311_FXMA_sHF9T8lfjypGDAAmg.jpg,source_0010_rank_0_2014-05_heading_311_FXMA_sHF9T8lfjypGDAAmg.jpg,2014-05,0,7U3uE8VEagi2lsoc-Qgtgg
11,50.10231216511628,14.392401925581396,FXMA_sHF9T8lfjypGDAAmg,50.10232378117554,14.3923939055276,1.413,311,/Users/enzocampofranco/Library/Mobile Documents/com~apple~CloudDocs/TPS/Stage/Python/Robot_Visual_Navigation_V3/data/streetview_historical/mixvpr_dataset_by_date/2014-05/source_0011_rank_0_2014-05_heading_311_FXMA_sHF9T8lfjypGDAAmg.jpg,source_0011_rank_0_2014-05_heading_311_FXMA_sHF9T8lfjypGDAAmg.jpg,2014-05,0,7U3uE8VEagi2lsoc-Qgtgg
13,50.10237128604651,14.392294730232559,N-R0imUwsND0zsDXbXtIyg,50.10236195411338,14.39232683361999,2.514,311,/Users/enzocampofranco/Library/Mobile Documents/com~apple~CloudDocs/TPS/Stage/Python/Robot_Visual_Navigation_V3/data/streetview_historical/mixvpr_dataset_by_date/2014-05/source_0013_rank_1_2014-05_heading_311_N-R0imUwsND0zsDXbXtIyg.jpg,source_0013_rank_1_2014-05_heading_311_N-R0imUwsND0zsDXbXtIyg.jpg,2014-05,1,OQl4VHcF5xCa0egYysChKw
14,50.10240084651163,14.392241132558139,S_30dXXpEU1rHAPsAA3UVg,50.10244794297014,14.39216894923002,7.344,311,/Users/enzocampofranco/Library/Mobile Documents/com~apple~CloudDocs/TPS/Stage/Python/Robot_Visual_Navigation_V3/data/streetview_historical/mixvpr_dataset_by_date/2014-05/source_0014_rank_2_2014-05_heading_311_S_30dXXpEU1rHAPsAA3UVg.jpg,source_0014_rank_2_2014-05_heading_311_S_30dXXpEU1rHAPsAA3UVg.jpg,2014-05,2,TyIip1jsJ3lz8SrC0iqQ1A
15,50.102430406976744,14.392187534883721,S_30dXXpEU1rHAPsAA3UVg,50.10244794297014,14.39216894923002,2.358,311,/Users/enzocampofranco/Library/Mobile Documents/com~apple~CloudDocs/TPS/Stage/Python/Robot_Visual_Navigation_V3/data/streetview_historical/mixvpr_dataset_by_date/2014-05/source_0015_rank_2_2014-05_heading_311_S_30dXXpEU1rHAPsAA3UVg.jpg,source_0015_rank_2_2014-05_heading_311_S_30dXXpEU1rHAPsAA3UVg.jpg,2014-05,2,TyIip1jsJ3lz8SrC0iqQ1A
16,50.10245996744186,14.392133937209303,-2zj8-q1Zj5AMIaSILabew,50.10248291649624,14.39210502212039,3.281,311,/Users/enzocampofranco/Library/Mobile Documents/com~apple~CloudDocs/TPS/Stage/Python/Robot_Visual_Navigation_V3/data/streetview_historical/mixvpr_dataset_by_date/2014-05/source_0016_rank_0_2014-05_heading_311_-2zj8-q1Zj5AMIaSILabew.jpg,source_0016_rank_0_2014-05_heading_311_-2zj8-q1Zj5AMIaSILabew.jpg,2014-05,0,CAoSFkNJSE0wb2dLRUlDQWdJRHFxNnFIQ0E.
17,50.102489527906975,14.392080339534884,-2zj8-q1Zj5AMIaSILabew,50.10248291649624,14.39210502212039,1.908,311,/Users/enzocampofranco/Library/Mobile Documents/com~apple~CloudDocs/TPS/Stage/Python/Robot_Visual_Navigation_V3/data/streetview_historical/mixvpr_dataset_by_date/2014-05/source_0017_rank_1_2014-05_heading_311_-2zj8-q1Zj5AMIaSILabew.jpg,source_0017_rank_1_2014-05_heading_311_-2zj8-q1Zj5AMIaSILabew.jpg,2014-05,1,RJVwsEGf5qEPIv9k2DpDUA
18,50.10251908837209,14.392026741860466,ispWWKq2PQI-_fxJbLIcxw,50.10255502446962,14.39197336912572,5.519,311,/Users/enzocampofranco/Library/Mobile Documents/com~apple~CloudDocs/TPS/Stage/Python/Robot_Visual_Navigation_V3/data/streetview_historical/mixvpr_dataset_by_date/2014-05/source_0018_rank_2_2014-05_heading_311_ispWWKq2PQI-_fxJbLIcxw.jpg,source_0018_rank_2_2014-05_heading_311_ispWWKq2PQI-_fxJbLIcxw.jpg,2014-05,2,xJ8OXDlhU_XhW6Q1a2uk4A
19,50.10254864883721,14.391973144186046,ispWWKq2PQI-_fxJbLIcxw,50.10255502446962,14.39197336912572,0.709,311,/Users/enzocampofranco/Library/Mobile Documents/com~apple~CloudDocs/TPS/Stage/Python/Robot_Visual_Navigation_V3/data/streetview_historical/mixvpr_dataset_by_date/2014-05/source_0019_rank_0_2014-05_heading_311_ispWWKq2PQI-_fxJbLIcxw.jpg,source_0019_rank_0_2014-05_heading_311_ispWWKq2PQI-_fxJbLIcxw.jpg,2014-05,0,xJ8OXDlhU_XhW6Q1a2uk4A
20,50.10257820930232,14.391919546511629,Vtswe1iWCxU_n6_pN_bDSw,50.10261984502525,14.39185694570984,6.432,311,/Users/enzocampofranco/Library/Mobile Documents/com~apple~CloudDocs/TPS/Stage/Python/Robot_Visual_Navigation_V3/data/streetview_historical/mixvpr_dataset_by_date/2014-05/source_0020_rank_2_2014-05_heading_311_Vtswe1iWCxU_n6_pN_bDSw.jpg,source_0020_rank_2_2014-05_heading_311_Vtswe1iWCxU_n6_pN_bDSw.jpg,2014-05,2,QViZyHVjPGtVUcF-kNMh1A
21,50.10260776976744,14.391865948837209,Vtswe1iWCxU_n6_pN_bDSw,50.10261984502525,14.39185694570984,1.488,311,/Users/enzocampofranco/Library/Mobile Documents/com~apple~CloudDocs/TPS/Stage/Python/Robot_Visual_Navigation_V3/data/streetview_historical/mixvpr_dataset_by_date/2014-05/source_0021_rank_1_2014-05_heading_311_Vtswe1iWCxU_n6_pN_bDSw.jpg,source_0021_rank_1_2014-05_heading_311_Vtswe1iWCxU_n6_pN_bDSw.jpg,2014-05,1,QViZyHVjPGtVUcF-kNMh1A
22,50.10263733023256,14.391812351162791,S1fYXjJxY1-2TkxUVVhAgw,50.10268508089257,14.39174040279367,7.384,311,/Users/enzocampofranco/Library/Mobile Documents/com~apple~CloudDocs/TPS/Stage/Python/Robot_Visual_Navigation_V3/data/streetview_historical/mixvpr_dataset_by_date/2014-05/source_0022_rank_2_2014-05_heading_311_S1fYXjJxY1-2TkxUVVhAgw.jpg,source_0022_rank_2_2014-05_heading_311_S1fYXjJxY1-2TkxUVVhAgw.jpg,2014-05,2,VENk61QWZZn9gP-FpjTPeA
23,50.10266689069768,14.391758753488372,S1fYXjJxY1-2TkxUVVhAgw,50.10268508089257,14.39174040279367,2.409,311,/Users/enzocampofranco/Library/Mobile Documents/com~apple~CloudDocs/TPS/Stage/Python/Robot_Visual_Navigation_V3/data/streetview_historical/mixvpr_dataset_by_date/2014-05/source_0023_rank_1_2014-05_heading_311_S1fYXjJxY1-2TkxUVVhAgw.jpg,source_0023_rank_1_2014-05_heading_311_S1fYXjJxY1-2TkxUVVhAgw.jpg,2014-05,1,VENk61QWZZn9gP-FpjTPeA
24,50.10269645116279,14.391705155813954,CavxsP0rpAE4YjyeiTsS4A,50.10274590638191,14.3916315225794,7.604,311,/Users/enzocampofranco/Library/Mobile Documents/com~apple~CloudDocs/TPS/Stage/Python/Robot_Visual_Navigation_V3/data/streetview_historical/mixvpr_dataset_by_date/2014-05/source_0024_rank_2_2014-05_heading_311_CavxsP0rpAE4YjyeiTsS4A.jpg,source_0024_rank_2_2014-05_heading_311_CavxsP0rpAE4YjyeiTsS4A.jpg,2014-05,2,Gv8VxIjdWo1YwsMd91rpVg
25,50.10272601162791,14.391651558139534,CavxsP0rpAE4YjyeiTsS4A,50.10274590638191,14.3916315225794,2.634,311,/Users/enzocampofranco/Library/Mobile Documents/com~apple~CloudDocs/TPS/Stage/Python/Robot_Visual_Navigation_V3/data/streetview_historical/mixvpr_dataset_by_date/2014-05/source_0025_rank_2_2014-05_heading_311_CavxsP0rpAE4YjyeiTsS4A.jpg,source_0025_rank_2_2014-05_heading_311_CavxsP0rpAE4YjyeiTsS4A.jpg,2014-05,2,Gv8VxIjdWo1YwsMd91rpVg
26,50.102755572093024,14.391597960465116,BCyvQILbxEFSBpSVBRUVYA,50.10280379760841,14.39152558972413,7.443,311,/Users/enzocampofranco/Library/Mobile Documents/com~apple~CloudDocs/TPS/Stage/Python/Robot_Visual_Navigation_V3/data/streetview_historical/mixvpr_dataset_by_date/2014-05/source_0026_rank_2_2014-05_heading_311_BCyvQILbxEFSBpSVBRUVYA.jpg,source_0026_rank_2_2014-05_heading_311_BCyvQILbxEFSBpSVBRUVYA.jpg,2014-05,2,AKgB30PtZK5m3aHWjbYbgw
27,50.10278513255814,14.391544362790697,BCyvQILbxEFSBpSVBRUVYA,50.10280379760841,14.39152558972413,2.47,311,/Users/enzocampofranco/Library/Mobile Documents/com~apple~CloudDocs/TPS/Stage/Python/Robot_Visual_Navigation_V3/data/streetview_historical/mixvpr_dataset_by_date/2014-05/source_0027_rank_2_2014-05_heading_311_BCyvQILbxEFSBpSVBRUVYA.jpg,source_0027_rank_2_2014-05_heading_311_BCyvQILbxEFSBpSVBRUVYA.jpg,2014-05,2,AKgB30PtZK5m3aHWjbYbgw
28,50.102814693023255,14.391490765116279,4hQQRqdjfH-X9OC8xttqgw,50.10286073859675,14.39142274328893,7.053,311,/Users/enzocampofranco/Library/Mobile Documents/com~apple~CloudDocs/TPS/Stage/Python/Robot_Visual_Navigation_V3/data/streetview_historical/mixvpr_dataset_by_date/2014-05/source_0028_rank_1_2014-05_heading_311_4hQQRqdjfH-X9OC8xttqgw.jpg,source_0028_rank_1_2014-05_heading_311_4hQQRqdjfH-X9OC8xttqgw.jpg,2014-05,1,CAoSFkNJSE0wb2dLRUlDQWdJRHFxNnFITUE.
29,50.10284425348837,14.391437167441861,4hQQRqdjfH-X9OC8xttqgw,50.10286073859675,14.39142274328893,2.102,311,/Users/enzocampofranco/Library/Mobile Documents/com~apple~CloudDocs/TPS/Stage/Python/Robot_Visual_Navigation_V3/data/streetview_historical/mixvpr_dataset_by_date/2014-05/source_0029_rank_1_2014-05_heading_311_4hQQRqdjfH-X9OC8xttqgw.jpg,source_0029_rank_1_2014-05_heading_311_4hQQRqdjfH-X9OC8xttqgw.jpg,2014-05,1,VCqi7NHaIAlVrIKk3hB2pA
30,50.10287381395349,14.391383569767441,Zk0tCUEbWITE1X2SjeXyog,50.102919345656,14.39131494449474,7.042,311,/Users/enzocampofranco/Library/Mobile Documents/com~apple~CloudDocs/TPS/Stage/Python/Robot_Visual_Navigation_V3/data/streetview_historical/mixvpr_dataset_by_date/2014-05/source_0030_rank_2_2014-05_heading_311_Zk0tCUEbWITE1X2SjeXyog.jpg,source_0030_rank_2_2014-05_heading_311_Zk0tCUEbWITE1X2SjeXyog.jpg,2014-05,2,VWgGIWg7JOEMfTs0ElZuTg
31,50.1029033744186,14.391329972093024,Zk0tCUEbWITE1X2SjeXyog,50.102919345656,14.39131494449474,2.074,311,/Users/enzocampofranco/Library/Mobile Documents/com~apple~CloudDocs/TPS/Stage/Python/Robot_Visual_Navigation_V3/data/streetview_historical/mixvpr_dataset_by_date/2014-05/source_0031_rank_2_2014-05_heading_311_Zk0tCUEbWITE1X2SjeXyog.jpg,source_0031_rank_2_2014-05_heading_311_Zk0tCUEbWITE1X2SjeXyog.jpg,2014-05,2,VWgGIWg7JOEMfTs0ElZuTg
32,50.10293293488372,14.391276374418604,QR07cJ03aOH1DGBOBhSfBw,50.10297880556652,14.39120546333285,7.183,311,/Users/enzocampofranco/Library/Mobile Documents/com~apple~CloudDocs/TPS/Stage/Python/Robot_Visual_Navigation_V3/data/streetview_historical/mixvpr_dataset_by_date/2014-05/source_0032_rank_2_2014-05_heading_311_QR07cJ03aOH1DGBOBhSfBw.jpg,source_0032_rank_2_2014-05_heading_311_QR07cJ03aOH1DGBOBhSfBw.jpg,2014-05,2,OfBJRDuqeTOlgsxeGkcmiA
33,50.102962495348834,14.391222776744186,QR07cJ03aOH1DGBOBhSfBw,50.10297880556652,14.39120546333285,2.194,311,/Users/enzocampofranco/Library/Mobile Documents/com~apple~CloudDocs/TPS/Stage/Python/Robot_Visual_Navigation_V3/data/streetview_historical/mixvpr_dataset_by_date/2014-05/source_0033_rank_2_2014-05_heading_311_QR07cJ03aOH1DGBOBhSfBw.jpg,source_0033_rank_2_2014-05_heading_311_QR07cJ03aOH1DGBOBhSfBw.jpg,2014-05,2,OfBJRDuqeTOlgsxeGkcmiA
34,50.10299205581395,14.391169179069767,NJZELWDIJEmgJGiabdhniw,50.10303673628651,14.39110111746318,6.946,311,/Users/enzocampofranco/Library/Mobile Documents/com~apple~CloudDocs/TPS/Stage/Python/Robot_Visual_Navigation_V3/data/streetview_historical/mixvpr_dataset_by_date/2014-05/source_0034_rank_2_2014-05_heading_311_NJZELWDIJEmgJGiabdhniw.jpg,source_0034_rank_2_2014-05_heading_311_NJZELWDIJEmgJGiabdhniw.jpg,2014-05,2,x9TPbWSzQPmVp4Qhjq3Tsg
35,50.103021616279065,14.391115581395349,NJZELWDIJEmgJGiabdhniw,50.10303673628651,14.39110111746318,1.973,311,/Users/enzocampofranco/Library/Mobile Documents/com~apple~CloudDocs/TPS/Stage/Python/Robot_Visual_Navigation_V3/data/streetview_historical/mixvpr_dataset_by_date/2014-05/source_0035_rank_1_2014-05_heading_311_NJZELWDIJEmgJGiabdhniw.jpg,source_0035_rank_1_2014-05_heading_311_NJZELWDIJEmgJGiabdhniw.jpg,2014-05,1,x9TPbWSzQPmVp4Qhjq3Tsg
36,50.10305117674419,14.39106198372093,by8y8emJD0Ni_B_JJw_QXA,50.10308996055172,14.39100551140261,5.901,311,/Users/enzocampofranco/Library/Mobile Documents/com~apple~CloudDocs/TPS/Stage/Python/Robot_Visual_Navigation_V3/data/streetview_historical/mixvpr_dataset_by_date/2014-05/source_0036_rank_2_2014-05_heading_311_by8y8emJD0Ni_B_JJw_QXA.jpg,source_0036_rank_2_2014-05_heading_311_by8y8emJD0Ni_B_JJw_QXA.jpg,2014-05,2,uuUizRcQrH9p8MCO6oI_Ag
37,50.103080737209304,14.391008386046511,by8y8emJD0Ni_B_JJw_QXA,50.10308996055172,14.39100551140261,1.046,311,/Users/enzocampofranco/Library/Mobile Documents/com~apple~CloudDocs/TPS/Stage/Python/Robot_Visual_Navigation_V3/data/streetview_historical/mixvpr_dataset_by_date/2014-05/source_0037_rank_0_2014-05_heading_311_by8y8emJD0Ni_B_JJw_QXA.jpg,source_0037_rank_0_2014-05_heading_311_by8y8emJD0Ni_B_JJw_QXA.jpg,2014-05,0,uuUizRcQrH9p8MCO6oI_Ag
38,50.10311029767442,14.390954788372092,bQ5v8SeYvOoS5WZ7smgOeQ,50.10316229298914,14.39087968189666,7.882,311,/Users/enzocampofranco/Library/Mobile Documents/com~apple~CloudDocs/TPS/Stage/Python/Robot_Visual_Navigation_V3/data/streetview_historical/mixvpr_dataset_by_date/2014-05/source_0038_rank_2_2014-05_heading_311_bQ5v8SeYvOoS5WZ7smgOeQ.jpg,source_0038_rank_2_2014-05_heading_311_bQ5v8SeYvOoS5WZ7smgOeQ.jpg,2014-05,2,rzw2Q_CpxPei2kj6lfZWIg
39,50.103139858139535,14.390901190697674,bQ5v8SeYvOoS5WZ7smgOeQ,50.10316229298914,14.39087968189666,2.929,311,/Users/enzocampofranco/Library/Mobile Documents/com~apple~CloudDocs/TPS/Stage/Python/Robot_Visual_Navigation_V3/data/streetview_historical/mixvpr_dataset_by_date/2014-05/source_0039_rank_1_2014-05_heading_311_bQ5v8SeYvOoS5WZ7smgOeQ.jpg,source_0039_rank_1_2014-05_heading_311_bQ5v8SeYvOoS5WZ7smgOeQ.jpg,2014-05,1,rzw2Q_CpxPei2kj6lfZWIg
40,50.10316941860465,14.390847593023254,bQ5v8SeYvOoS5WZ7smgOeQ,50.10316229298914,14.39087968189666,2.422,311,/Users/enzocampofranco/Library/Mobile Documents/com~apple~CloudDocs/TPS/Stage/Python/Robot_Visual_Navigation_V3/data/streetview_historical/mixvpr_dataset_by_date/2014-05/source_0040_rank_0_2014-05_heading_311_bQ5v8SeYvOoS5WZ7smgOeQ.jpg,source_0040_rank_0_2014-05_heading_311_bQ5v8SeYvOoS5WZ7smgOeQ.jpg,2014-05,0,rzw2Q_CpxPei2kj6lfZWIg
41,50.10319897906977,14.390793995348837,QINAVQ_OLtgnURZcrsYXng,50.10322483099637,14.39080796177709,3.042,311,/Users/enzocampofranco/Library/Mobile Documents/com~apple~CloudDocs/TPS/Stage/Python/Robot_Visual_Navigation_V3/data/streetview_historical/mixvpr_dataset_by_date/2014-05/source_0041_rank_1_2014-05_heading_311_QINAVQ_OLtgnURZcrsYXng.jpg,source_0041_rank_1_2014-05_heading_311_QINAVQ_OLtgnURZcrsYXng.jpg,2014-05,1,cpcDuicr3uWoMheEhLueZg
42,50.10322853953488,14.390740397674417,QINAVQ_OLtgnURZcrsYXng,50.10322483099637,14.39080796177709,4.836,127,/Users/enzocampofranco/Library/Mobile Documents/com~apple~CloudDocs/TPS/Stage/Python/Robot_Visual_Navigation_V3/data/streetview_historical/mixvpr_dataset_by_date/2014-05/source_0042_rank_2_2014-05_heading_127_QINAVQ_OLtgnURZcrsYXng.jpg,source_0042_rank_2_2014-05_heading_127_QINAVQ_OLtgnURZcrsYXng.jpg,2014-05,2,cpcDuicr3uWoMheEhLueZg
43,50.10320878277395,14.390780925750732,QINAVQ_OLtgnURZcrsYXng,50.10322483099637,14.39080796177709,2.627,127,/Users/enzocampofranco/Library/Mobile Documents/com~apple~CloudDocs/TPS/Stage/Python/Robot_Visual_Navigation_V3/data/streetview_historical/mixvpr_dataset_by_date/2014-05/source_0043_rank_2_2014-05_heading_127_QINAVQ_OLtgnURZcrsYXng.jpg,source_0043_rank_2_2014-05_heading_127_QINAVQ_OLtgnURZcrsYXng.jpg,2014-05,2,cpcDuicr3uWoMheEhLueZg
